hash_function,pattern_length,pattern,time_ms,collisions,checks,total_windows,found,position
simple_hash,2,AT,0.0082,1,2,99999,True,5
first_last_hash,2,AT,0.005,1,2,99999,True,5
chetsum_hash,2,AT,0.0051,1,2,99999,True,5
rolling_crc32,2,AT,0.016,0,1,99999,True,5
double_hash,2,AT,0.0067,0,1,99999,True,5
simple_hash,3,ATC,0.0118,6,7,99998,True,43
first_last_hash,3,ATC,0.0099,4,5,99998,True,43
chetsum_hash,3,ATC,0.0136,4,5,99998,True,43
rolling_crc32,3,ATC,0.0896,0,1,99998,True,43
double_hash,3,ATC,0.025,0,1,99998,True,43
simple_hash,4,ATCG,0.2397,88,89,99997,True,864
first_last_hash,4,ATCG,0.1769,91,92,99997,True,864
chetsum_hash,4,ATCG,0.285,97,98,99997,True,864
rolling_crc32,4,ATCG,2.3087,0,1,99997,True,864
double_hash,4,ATCG,0.5513,0,1,99997,True,864
simple_hash,6,ATCGAT,2.2338,381,382,99995,True,6384
first_last_hash,6,ATCGAT,1.4921,1062,1063,99995,True,6384
chetsum_hash,6,ATCGAT,2.1571,368,369,99995,True,6384
rolling_crc32,6,ATCGAT,25.9646,0,1,99995,True,6384
double_hash,6,ATCGAT,5.9249,0,1,99995,True,6384
simple_hash,8,ATCGATCG,42.0214,3522,3522,99993,False,-1
first_last_hash,8,ATCGATCG,23.4019,12208,12208,99993,False,-1
chetsum_hash,8,ATCGATCG,39.2005,2253,2253,99993,False,-1
rolling_crc32,8,ATCGATCG,535.3742,0,0,99993,False,-1
double_hash,8,ATCGATCG,127.2111,0,0,99993,False,-1
simple_hash,10,ATCGATCGAT,49.4221,3164,3164,99991,False,-1
first_last_hash,10,ATCGATCGAT,23.4018,16665,16665,99991,False,-1
chetsum_hash,10,ATCGATCGAT,44.0176,1145,1145,99991,False,-1
rolling_crc32,10,ATCGATCGAT,652.9722,0,0,99991,False,-1
double_hash,10,ATCGATCGAT,151.6336,0,0,99991,False,-1
simple_hash,12,ATCGATCGATCG,54.7773,2252,2252,99989,False,-1
first_last_hash,12,ATCGATCGATCG,24.5889,12063,12063,99989,False,-1
chetsum_hash,12,ATCGATCGATCG,45.9739,714,714,99989,False,-1
rolling_crc32,12,ATCGATCGATCG,779.4341,0,0,99989,False,-1
double_hash,12,ATCGATCGATCG,176.5547,0,0,99989,False,-1
simple_hash,16,ATCGATCGATCGATCG,68.9265,1642,1642,99985,False,-1
first_last_hash,16,ATCGATCGATCGATCG,22.9477,12053,12053,99985,False,-1
chetsum_hash,16,ATCGATCGATCGATCG,54.806,200,200,99985,False,-1
rolling_crc32,16,ATCGATCGATCGATCG,1034.0279,0,0,99985,False,-1
double_hash,16,ATCGATCGATCGATCG,229.6093,0,0,99985,False,-1
simple_hash,20,ATCGATCGATCGATCGATCG,76.6971,1355,1355,99981,False,-1
first_last_hash,20,ATCGATCGATCGATCGATCG,23.2845,12222,12222,99981,False,-1
chetsum_hash,20,ATCGATCGATCGATCGATCG,61.778,52,52,99981,False,-1
rolling_crc32,20,ATCGATCGATCGATCGATCG,1284.9945,0,0,99981,False,-1
double_hash,20,ATCGATCGATCGATCGATCG,287.0642,0,0,99981,False,-1
simple_hash,25,ATCGATCGATCGATCGATCGATCG,88.877,1058,1058,99976,False,-1
first_last_hash,25,ATCGATCGATCGATCGATCGATCG,22.6401,12122,12122,99976,False,-1
chetsum_hash,25,ATCGATCGATCGATCGATCGATCG,68.8372,20,20,99976,False,-1
rolling_crc32,25,ATCGATCGATCGATCGATCGATCG,1543.9814,0,0,99976,False,-1
double_hash,25,ATCGATCGATCGATCGATCGATCG,346.7117,0,0,99976,False,-1
simple_hash,30,ATCGATCGATCGATCGATCGATCGATCG,102.3007,936,936,99971,False,-1
first_last_hash,30,ATCGATCGATCGATCGATCGATCGATCG,24.4349,12182,12182,99971,False,-1
chetsum_hash,30,ATCGATCGATCGATCGATCGATCGATCG,78.395,2,2,99971,False,-1
rolling_crc32,30,ATCGATCGATCGATCGATCGATCGATCG,1799.2024,0,0,99971,False,-1
double_hash,30,ATCGATCGATCGATCGATCGATCGATCG,390.777,0,0,99971,False,-1
simple_hash,40,ATCGATCGATCGATCGATCGATCGATCGATCGATCGATCG,137.5513,722,722,99961,False,-1
first_last_hash,40,ATCGATCGATCGATCGATCGATCGATCGATCGATCGATCG,23.9372,11830,11830,99961,False,-1
chetsum_hash,40,ATCGATCGATCGATCGATCGATCGATCGATCGATCGATCG,96.7541,0,0,99961,False,-1
rolling_crc32,40,ATCGATCGATCGATCGATCGATCGATCGATCGATCGATCG,2546.5331,0,0,99961,False,-1
double_hash,40,ATCGATCGATCGATCGATCGATCGATCGATCGATCGATCG,546.2183,0,0,99961,False,-1
simple_hash,50,ATCGATCGATCGATCGATCGATCGATCGATCGATCGATCGATCGATCGATCG,173.6692,600,600,99951,False,-1
first_last_hash,50,ATCGATCGATCGATCGATCGATCGATCGATCGATCGATCGATCGATCGATCG,23.4418,12026,12026,99951,False,-1
chetsum_hash,50,ATCGATCGATCGATCGATCGATCGATCGATCGATCGATCGATCGATCGATCG,121.1086,0,0,99951,False,-1
rolling_crc32,50,ATCGATCGATCGATCGATCGATCGATCGATCGATCGATCGATCGATCGATCG,3286.8873,0,0,99951,False,-1
double_hash,50,ATCGATCGATCGATCGATCGATCGATCGATCGATCGATCGATCGATCGATCG,707.86,0,0,99951,False,-1
simple_hash,100,ATCGATCGATCGATCGATCGATCGATCGATCGATCGATCGATCGATCGATCGATCGATCGATCGATCGATCGATCGATCGATCGATCGATCGATCGATCGATCG,321.963,378,378,99901,False,-1
first_last_hash,100,ATCGATCGATCGATCGATCGATCGATCGATCGATCGATCGATCGATCGATCGATCGATCGATCGATCGATCGATCGATCGATCGATCGATCGATCGATCGATCG,23.6179,12271,12271,99901,False,-1
chetsum_hash,100,ATCGATCGATCGATCGATCGATCGATCGATCGATCGATCGATCGATCGATCGATCGATCGATCGATCGATCGATCGATCGATCGATCGATCGATCGATCGATCG,213.9385,0,0,99901,False,-1
rolling_crc32,100,ATCGATCGATCGATCGATCGATCGATCGATCGATCGATCGATCGATCGATCGATCGATCGATCGATCGATCGATCGATCGATCGATCGATCGATCGATCGATCG,6565.788,0,0,99901,False,-1
double_hash,100,ATCGATCGATCGATCGATCGATCGATCGATCGATCGATCGATCGATCGATCGATCGATCGATCGATCGATCGATCGATCGATCGATCGATCGATCGATCGATCG,1385.0022,0,0,99901,False,-1
